Workbook

Sheet result_sintesi
B1: Model | C1: DataInizio | D1: DataFine | E1: Strategia | F1: VarReturn | G1: NumStock | H1: CorrezioneRendimentoXTrading | I1: Aggregazione | J1: SogliaPositiva | K1: SogliaNegativa | L1: ResultNegativi_Day | M1: NGiorniConTrading | N1: return | O1: RendimentoMassimo | P1: RendimentoMinimo | Q1: NumTitoliMedi | R1: NumTitoliMediani | S1: Sharpe_D | T1: Sharpe_W | U1: Sharpe_M
A2: 0 | B2: \202208241040\training_0035_0035_500 | C2: 2020-10-01 | D2: 2021-09-20 | E2: LONG | F2: Return_1 | G2: 1 | H2: N | I2: azienda | J2: 0 | K2: 1 | L2: 0 | M2: 223 | N2: 2.8133419 | O2: 1.5709571 | P2: 0.87461774 | Q2: 1.1704036 | R2: 1 | S2: 0.069363109 | T2: 0.27187554 | U2: 0.77953328
A3: 0 | B3: \202208241040\training_0035_0035_500 | C3: 2020-10-01 | D3: 2021-09-20 | E3: ALL | F3: Return_1 | G3: 1 | H3: N | I3: azienda | J3: 0 | K3: 1 | L3: 0 | M3: 223 | N3: 5.4513614 | O3: 1.233097 | P3: 0.89726883 | Q3: 2.3049327 | R3: 2 | S3: 0.23610448 | T3: 0.54455343 | U3: 1.205771
A4: 0 | B4: \202208241040\training_0035_0035_500 | C4: 2020-10-01 | D4: 2021-09-20 | E4: LONG | F4: Return_1 | G4: 2 | H4: N | I4: azienda | J4: 0 | K4: 1 | L4: 0 | M4: 219 | N4: 2.2823023 | O4: 1.1914319 | P4: 0.89110437 | Q4: 2.369863 | R4: 2 | S4: 0.088714459 | T4: 0.31761221 | U4: 0.9238018
A5: 0 | B5: \202208241040\training_0035_0035_500 | C5: 2020-10-01 | D5: 2021-09-20 | E5: ALL | F5: Return_1 | G5: 2 | H5: N | I5: azienda | J5: 0 | K5: 1 | L5: 0 | M5: 219 | N5: 4.6721938 | O5: 1.1232226 | P5: 0.92915913 | Q5: 4.5707763 | R5: 4 | S5: 0.28529806 | T5: 0.77209111 | U5: 1.4462494
A6: 0 | B6: \202208241040\training_0035_0035_500 | C6: 2020-10-01 | D6: 2021-09-20 | E6: LONG | F6: Return_1 | G6: 3 | H6: N | I6: azienda | J6: 0 | K6: 1 | L6: 0 | M6: 217 | N6: 3.7149662 | O6: 1.4431494 | P6: 0.93126027 | Q6: 3.4700461 | R6: 3 | S6: 0.14765051 | T6: 0.35977465 | U6: 0.85891291
A7: 0 | B7: \202208241040\training_0035_0035_500 | C7: 2020-10-01 | D7: 2021-09-20 | E7: ALL | F7: Return_1 | G7: 3 | H7: N | I7: azienda | J7: 0 | K7: 1 | L7: 0 | M7: 217 | N7: 4.2081352 | O7: 1.2610597 | P7: 0.89303328 | Q7: 6.8571429 | R7: 6 | S7: 0.29001934 | T7: 0.59923448 | U7: 1.1297312
A8: 0 | B8: \202208241040\training_0035_0035_500 | C8: 2020-10-01 | D8: 2021-09-20 | E8: LONG | F8: Return_1 | G8: 4 | H8: N | I8: azienda | J8: 0 | K8: 1 | L8: 0 | M8: 216 | N8: 3.2612226 | O8: 1.3482883 | P8: 0.90719693 | Q8: 4.5787037 | R8: 4 | S8: 0.14054635 | T8: 0.41423386 | U8: 0.76023094
A9: 0 | B9: \202208241040\training_0035_0035_500 | C9: 2020-10-01 | D9: 2021-09-20 | E9: ALL | F9: Return_1 | G9: 4 | H9: N | I9: azienda | J9: 0 | K9: 1 | L9: 0 | M9: 216 | N9: 3.4953685 | O9: 1.1999907 | P9: 0.91902735 | Q9: 9.0416667 | R9: 8 | S9: 0.27941247 | T9: 0.61201806 | U9: 1.1368893
A10: 0 | B10: \202208241040\training_0035_0035_500 | C10: 2020-10-01 | D10: 2021-09-20 | E10: LONG | F10: Return_1 | G10: 5 | H10: N | I10: azienda | J10: 0 | K10: 1 | L10: 0 | M10: 216 | N10: 2.6183406 | O10: 1.2888742 | P10: 0.89650009 | Q10: 5.6805556 | R10: 5 | S10: 0.11617766 | T10: 0.40756133 | U10: 0.7888861
A11: 0 | B11: \202208241040\training_0035_0035_500 | C11: 2020-10-01 | D11: 2021-09-20 | E11: ALL | F11: Return_1 | G11: 5 | H11: N | I11: azienda | J11: 0 | K11: 1 | L11: 0 | M11: 216 | N11: 3.5474649 | O11: 1.1630222 | P11: 0.93815177 | Q11: 11.217593 | R11: 10 | S11: 0.3263672 | T11: 0.70591174 | U11: 1.3546654
A12: 0 | B12: \202208241040\training_0035_0035_500 | C12: 2020-10-01 | D12: 2021-09-20 | E12: LONG | F12: Return_1 | G12: 6 | H12: N | I12: azienda | J12: 0 | K12: 1 | L12: 0 | M12: 216 | N12: 2.1612429 | O12: 1.2453578 | P12: 0.90836596 | Q12: 6.7731481 | R12: 6 | S12: 0.088503449 | T12: 0.3685717 | U12: 0.74724462
A13: 0 | B13: \202208241040\training_0035_0035_500 | C13: 2020-10-01 | D13: 2021-09-20 | E13: ALL | F13: Return_1 | G13: 6 | H13: N | I13: azienda | J13: 0 | K13: 1 | L13: 0 | M13: 216 | N13: 2.3713509 | O13: 1.1236024 | P13: 0.88472048 | Q13: 13.37037 | R13: 12.5 | S13: 0.24914784 | T13: 0.44769088 | U13: 0.85580052
... A101: 0 | B101: \202208241040\training_0035_0035_500 | C101: 2020-10-01 | D101: 2021-09-20 | E101: ALL | F101: Return_1 | G101: 50 | H101: N | I101: azienda | J101: 0 | K101: 1 | L101: 0 | M101: 209 | N101: 1.2488538 | O101: 1.059952 | P101: 0.97939508 | Q101: 108.74641 | R101: 110 | S101: 0.121703 | T101: 0.28298633 | U101: 0.59959035

Sheet result_timeseries
A1: publication_datetime | B1: result | C1: return | D1: VarReturn | E1: DataInizio | F1: DataFine | G1: Strategia | H1: Aggregazione | I1: SogliaPositiva | J1: SogliaNegativa | K1: CorrezioneRendimentoXTrading | L1: NumStock | M1: Model
A2: 2020-10-30 00:00:00.000 | B2: 0.96341683 | C2: 0.96341683 | D2: Return_1 | E2: 2020-10-01 | F2: 2021-09-20 | G2: LONG | H2: azienda | I2: 0 | J2: 1 | K2: N | L2: 1 | M2: \202208241040\training_0035_0035_500
A3: 2020-10-31 00:00:00.000 | B3: 0.99477984 | C3: 0.95838764 | D3: Return_1 | E3: 2020-10-01 | F3: 2021-09-20 | G3: LONG | H3: azienda | I3: 0 | J3: 1 | K3: N | L3: 1 | M3: \202208241040\training_0035_0035_500
A4: 2020-11-02 00:00:00.000 | B4: 1.0098272 | C4: 0.96780589 | D4: Return_1 | E4: 2020-10-01 | F4: 2021-09-20 | G4: LONG | H4: azienda | I4: 0 | J4: 1 | K4: N | L4: 1 | M4: \202208241040\training_0035_0035_500
A5: 2020-11-03 00:00:00.000 | B5: 1.0284116 | C5: 0.99530281 | D5: Return_1 | E5: 2020-10-01 | F5: 2021-09-20 | G5: LONG | H5: azienda | I5: 0 | J5: 1 | K5: N | L5: 1 | M5: \202208241040\training_0035_0035_500
A6: 2020-11-04 00:00:00.000 | B6: 1.0209118 | C6: 1.0161163 | D6: Return_1 | E6: 2020-10-01 | F6: 2021-09-20 | G6: LONG | H6: azienda | I6: 0 | J6: 1 | K6: N | L6: 1 | M6: \202208241040\training_0035_0035_500
A7: 2020-11-05 00:00:00.000 | B7: 0.99067805 | C7: 1.0066441 | D7: Return_1 | E7: 2020-10-01 | F7: 2021-09-20 | G7: LONG | H7: azienda | I7: 0 | J7: 1 | K7: N | L7: 1 | M7: \202208241040\training_0035_0035_500
A8: 2020-11-06 00:00:00.000 | B8: 0.99574736 | C8: 1.0023633 | D8: Return_1 | E8: 2020-10-01 | F8: 2021-09-20 | G8: LONG | H8: azienda | I8: 0 | J8: 1 | K8: N | L8: 1 | M8: \202208241040\training_0035_0035_500
A9: 2020-11-09 00:00:00.000 | B9: 1.028115 | C9: 1.0305447 | D9: Return_1 | E9: 2020-10-01 | F9: 2021-09-20 | G9: LONG | H9: azienda | I9: 0 | J9: 1 | K9: N | L9: 1 | M9: \202208241040\training_0035_0035_500
A10: 2020-11-10 00:00:00.000 | B10: 0.9982451 | C10: 1.0287362 | D10: Return_1 | E10: 2020-10-01 | F10: 2021-09-20 | G10: LONG | H10: azienda | I10: 0 | J10: 1 | K10: N | L10: 1 | M10: \202208241040\training_0035_0035_500
A11: 2020-11-11 00:00:00.000 | B11: 0.98811545 | C11: 1.0165101 | D11: Return_1 | E11: 2020-10-01 | F11: 2021-09-20 | G11: LONG | H11: azienda | I11: 0 | J11: 1 | K11: N | L11: 1 | M11: \202208241040\training_0035_0035_500
A12: 2020-11-12 00:00:00.000 | B12: 1.0101554 | C12: 1.0268332 | D12: Return_1 | E12: 2020-10-01 | F12: 2021-09-20 | G12: LONG | H12: azienda | I12: 0 | J12: 1 | K12: N | L12: 1 | M12: \202208241040\training_0035_0035_500
A13: 2020-11-13 00:00:00.000 | B13: 1.0125677 | C13: 1.0397381 | D13: Return_1 | E13: 2020-10-01 | F13: 2021-09-20 | G13: LONG | H13: azienda | I13: 0 | J13: 1 | K13: N | L13: 1 | M13: \202208241040\training_0035_0035_500
... A21437: 2021-09-10 00:00:00.000 | B21437: 0.9999737 | C21437: 1.2488538 | D21437: Return_1 | E21437: 2020-10-01 | F21437: 2021-09-20 | G21437: ALL | H21437: azienda | I21437: 0 | J21437: 1 | K21437: N | L21437: 50 | M21437: \202208241040\training_0035_0035_500

Sheet Nasdaq
A1: Date | B1: Open | C1: High | D1: Low | E1: Close | F1: Adj Close | G1: Volume
A2: 44134 | B2: 11103.47 | C2: 11129.81 | D2: 10822.57 | E2: 10911.59 | F2: 10911.59 | G2: 3671600000
A3: 44137 | B3: 11010.45 | C3: 11071.08 | D3: 10830.95 | E3: 10957.61 | F3: 10957.61 | G3: 3209000000
A4: 44138 | B4: 11038.66 | C4: 11213.92 | D4: 11004.84 | E4: 11160.57 | F4: 11160.57 | G4: 3216580000
A5: 44139 | B5: 11443.77 | C5: 11663.31 | D5: 11394.21 | E5: 11590.78 | F5: 11590.78 | G5: 3620760000
A6: 44140 | B6: 11816.33 | C6: 11924.28 | D6: 11784.15 | E6: 11890.93 | F6: 11890.93 | G6: 3848160000
A7: 44141 | B7: 11869.9 | C7: 11920.54 | D7: 11737.13 | E7: 11895.23 | F7: 11895.23 | G7: 4183220000
A8: 44144 | B8: 12046.66 | C8: 12108.07 | D8: 11703.49 | E8: 11713.78 | F8: 11713.78 | G8: 5863900000
A9: 44145 | B9: 11622.44 | C9: 11665.87 | D9: 11424.61 | E9: 11553.86 | F9: 11553.86 | G9: 4736560000
A10: 44146 | B10: 11656.65 | C10: 11793.57 | D10: 11638.9 | E10: 11786.43 | F10: 11786.43 | G10: 3854680000
A11: 44147 | B11: 11802.5 | C11: 11847.84 | D11: 11666.37 | E11: 11709.59 | F11: 11709.59 | G11: 3886670000
A12: 44148 | B12: 11794.94 | C12: 11849.79 | D12: 11715.52 | E12: 11829.29 | F12: 11829.29 | G12: 3654230000
A13: 44151 | B13: 11847.11 | C13: 11937.72 | D13: 11814.89 | E13: 11924.13 | F13: 11924.13 | G13: 4172570000
... A223: 44456 | B223: 15163.36 | C223: 15166.56 | D223: 14998.73 | E223: 15043.97 | F223: 15043.97 | G223: 6709540000

Sheet dJ
A1: Data | B1: Aperto | C1: Alto | D1: Basso | E1: Chiusura* | F1: Chiusura aggiustata** | G1: Volume
A2: 44456 | B2: 34737.86 | C2: 34779.86 | D2: 34519.63 | E2: 34584.88 | F2: 34584.88 | G2: 560630000
A3: 44455 | B3: 34810.27 | C3: 34943.55 | D3: 34540.11 | E3: 34751.32 | F3: 34751.32 | G3: 278270000
A4: 44454 | B4: 34580.95 | C4: 34880.77 | D4: 34522.03 | E4: 34814.39 | F4: 34814.39 | G4: 317490000
A5: 44453 | B5: 34906.9 | C5: 34990.36 | D5: 34510.3 | E5: 34577.57 | F5: 34577.57 | G5: 325140000
A6: 44452 | B6: 34665.5 | C6: 34939.1 | D6: 34665.5 | E6: 34869.63 | F6: 34869.63 | G6: 334190000
A7: 44449 | B7: 34949.59 | C7: 35104.25 | D7: 34599.61 | E7: 34607.72 | F7: 34607.72 | G7: 333230000
A8: 44448 | B8: 35013.08 | C8: 35199.89 | D8: 34847.3 | E8: 34879.38 | F8: 34879.38 | G8: 261330000
A9: 44447 | B9: 35087.45 | C9: 35175.15 | D9: 34925.61 | E9: 35031.07 | F9: 35031.07 | G9: 261880000
A10: 44446 | B10: 35373.24 | C10: 35373.24 | D10: 35060.9 | E10: 35100 | F10: 35100 | G10: 289830000
A11: 44442 | B11: 35401.73 | C11: 35422.71 | D11: 35269.4 | E11: 35369.09 | F11: 35369.09 | G11: 221370000
A12: 44441 | B12: 35353.06 | C12: 35475.4 | D12: 35348.48 | E12: 35443.82 | F12: 35443.82 | G12: 263370000
A13: 44440 | B13: 35387.55 | C13: 35407.37 | D13: 35287.05 | E13: 35312.53 | F13: 35312.53 | G13: 265520000
... A222: 44137 | B222: 26691.28 | C222: 27043.48 | D222: 26691.28 | E222: 26925.05 | F222: 26925.05 | G222: 379990000
A223: 44134 | B223: 26572.27 | C223: 26639.18 | D223: 26143.77 | E223: 26501.6 | F223: 26501.6 | G223: 504.820.00

Sheet Grafico_TimeSeries
A1: Data | B1: Date | C1: t1_ls | D1: 100 | E1: all_ls | F1: 100 | G1: t1_l | H1: 100 | I1: all_l | J1: 100 | K1: nasdaq | L1: 100 | M1: dj | N1: 100 | P1: Date | Q1: All 1 | R1: All 5 | S1: Long 1 | T1: Long 5 | U1: Nasdaq | V1: Dj30
A2: 2020-10-30 00:00:00.000 | B2: =DATE(LEFT(A2,4),MID(A2,6,2),MID(A2,9,2)) -> 44134 | C2: 0.97561085 | D2: =D1*C2 -> 97.561085 | E2: 0.98937691 | F2: =F1*E2 -> 98.937691 | G2: 0.96341683 | H2: =H1*G2 -> 96.341683 | I2: 0.98367165 | J2: =J1*I2 -> 98.367165 | K2: =IFERROR(VLOOKUP(B2,Nasdaq!A$2:F$274,5,FALSE),K1) -> 10911.59 | L2: 100 | M2: =IFERROR(VLOOKUP(B2,dJ!A$2:F$223,5,FALSE),M1) -> 26501.6 | N2: 100 | P2: 44134 | Q2: 100 | R2: 100 | S2: 100 | T2: 100 | U2: 100 | V2: 100
A3: 2020-10-31 00:00:00.000 | B3: =DATE(LEFT(A3,4),MID(A3,6,2),MID(A3,9,2)) -> 44135 | C3: 0.99603096 | D3: =D2*C3 -> 97.173862 | E3: 1 | F3: =F2*E3 -> 98.937691 | G3: 0.99477984 | H3: =H2*G3 -> 95.838764 | I3: 1 | J3: =J2*I3 -> 98.367165 | K3: =IFERROR(VLOOKUP(B3,Nasdaq!A$2:F$274,5,FALSE),K2) -> 10911.59 | L3: =L2*(1+(K3-K2)/K2) -> 100 | M3: =IFERROR(VLOOKUP(B3,dJ!A$2:F$223,5,FALSE),M2) -> 26501.6 | N3: =N2*(1+(M3-M2)/M2) -> 100 | P3: 44134 | Q3: =IF($P3<>"",IFERROR(VLOOKUP($P3,$B$2:$N$240,3,FALSE),Q2),"") -> 97.561085 | R3: =IF($P3<>"",IFERROR(VLOOKUP($P3,$B$2:$N$240,5,FALSE),R2),"") -> 98.937691 | S3: =IF($P3<>"",IFERROR(VLOOKUP($P3,$B$2:$N$240,7,FALSE),S2),"") -> 96.341683 | T3: =IF($P3<>"",IFERROR(VLOOKUP($P3,$B$2:$N$240,9,FALSE),T2),"") -> 98.367165 | U3: =IF($P3<>"",IFERROR(VLOOKUP($P3,$B$2:$N$240,11,FALSE),U2),"") -> 100 | V3: =IF($P3<>"",IFERROR(VLOOKUP($P3,$B$2:$N$240,13,FALSE),V2),"") -> 100
A4: 2020-11-02 00:00:00.000 | B4: =DATE(LEFT(A4,4),MID(A4,6,2),MID(A4,9,2)) -> 44137 | C4: 1.0770407 | D4: =D3*C4 -> 104.66021 | E4: 1.0109189 | F4: =F3*E4 -> 100.01798 | G4: 1.0098272 | H4: =H3*G4 -> 96.780589 | I4: 0.98360714 | J4: =J3*I4 -> 96.754646 | K4: =IFERROR(VLOOKUP(B4,Nasdaq!A$2:F$274,5,FALSE),K3) -> 10957.61 | L4: =L3*(1+(K4-K3)/K3) -> 100.42176 | M4: =IFERROR(VLOOKUP(B4,dJ!A$2:F$223,5,FALSE),M3) -> 26925.05 | N4: =N3*(1+(M4-M3)/M3) -> 101.59783 | P4: =IFERROR(IF((P3+7) < MAX(B$2:B$300),P3+7,""),"") -> 44141 | Q4: =IF($P4<>"",IFERROR(VLOOKUP($P4,$B$2:$N$240,3,FALSE),Q3),"") -> 109.7988 | R4: =IF($P4<>"",IFERROR(VLOOKUP($P4,$B$2:$N$240,5,FALSE),R3),"") -> 99.487369 | S4: =IF($P4<>"",IFERROR(VLOOKUP($P4,$B$2:$N$240,7,FALSE),S3),"") -> 100.23633 | T4: =IF($P4<>"",IFERROR(VLOOKUP($P4,$B$2:$N$240,9,FALSE),T3),"") -> 95.711614 | U4: =IF($P4<>"",IFERROR(VLOOKUP($P4,$B$2:$N$240,11,FALSE),U3),"") -> 109.01464 | V4: =IF($P4<>"",IFERROR(VLOOKUP($P4,$B$2:$N$240,13,FALSE),V3),"") -> 106.8743
A5: 2020-11-03 00:00:00.000 | B5: =DATE(LEFT(A5,4),MID(A5,6,2),MID(A5,9,2)) -> 44138 | C5: 1.0214405 | D5: =D4*C5 -> 106.90418 | E5: 0.99994259 | F5: =F4*E5 -> 100.01224 | G5: 1.0284116 | H5: =H4*G5 -> 99.530281 | I5: 1.0125009 | J5: =J4*I5 -> 97.964162 | K5: =IFERROR(VLOOKUP(B5,Nasdaq!A$2:F$274,5,FALSE),K4) -> 11160.57 | L5: =L4*(1+(K5-K4)/K4) -> 102.2818 | M5: =IFERROR(VLOOKUP(B5,dJ!A$2:F$223,5,FALSE),M4) -> 27480.03 | N5: =N4*(1+(M5-M4)/M4) -> 103.69197 | P5: =IFERROR(IF((P4+7) < MAX(B$2:B$300),P4+7,""),"") -> 44148 | Q5: =IF($P5<>"",IFERROR(VLOOKUP($P5,$B$2:$N$240,3,FALSE),Q4),"") -> 114.47951 | R5: =IF($P5<>"",IFERROR(VLOOKUP($P5,$B$2:$N$240,5,FALSE),R4),"") -> 102.34559 | S5: =IF($P5<>"",IFERROR(VLOOKUP($P5,$B$2:$N$240,7,FALSE),S4),"") -> 103.97381 | T5: =IF($P5<>"",IFERROR(VLOOKUP($P5,$B$2:$N$240,9,FALSE),T4),"") -> 97.341731 | U5: =IF($P5<>"",IFERROR(VLOOKUP($P5,$B$2:$N$240,11,FALSE),U4),"") -> 108.41033 | V5: =IF($P5<>"",IFERROR(VLOOKUP($P5,$B$2:$N$240,13,FALSE),V4),"") -> 111.23785
A6: 2020-11-04 00:00:00.000 | B6: =DATE(LEFT(A6,4),MID(A6,6,2),MID(A6,9,2)) -> 44139 | C6: 1.0116868 | D6: =D5*C6 -> 108.15354 | E6: 0.96295638 | F6: =F5*E6 -> 96.307423 | G6: 1.0209118 | H6: =H5*G6 -> 101.61163 | I6: 0.99206261 | J6: =J5*I6 -> 97.186582 | K6: =IFERROR(VLOOKUP(B6,Nasdaq!A$2:F$274,5,FALSE),K5) -> 11590.78 | L6: =L5*(1+(K6-K5)/K5) -> 106.22449 | M6: =IFERROR(VLOOKUP(B6,dJ!A$2:F$223,5,FALSE),M5) -> 27847.66 | N6: =N5*(1+(M6-M5)/M5) -> 105.07917 | P6: =IFERROR(IF((P5+7) < MAX(B$2:B$300),P5+7,""),"") -> 44155 | Q6: =IF($P6<>"",IFERROR(VLOOKUP($P6,$B$2:$N$240,3,FALSE),Q5),"") -> 113.9995 | R6: =IF($P6<>"",IFERROR(VLOOKUP($P6,$B$2:$N$240,5,FALSE),R5),"") -> 103.64159 | S6: =IF($P6<>"",IFERROR(VLOOKUP($P6,$B$2:$N$240,7,FALSE),S5),"") -> 98.974493 | T6: =IF($P6<>"",IFERROR(VLOOKUP($P6,$B$2:$N$240,9,FALSE),T5),"") -> 97.710232 | U6: =IF($P6<>"",IFERROR(VLOOKUP($P6,$B$2:$N$240,11,FALSE),U5),"") -> 108.64567 | V6: =IF($P6<>"",IFERROR(VLOOKUP($P6,$B$2:$N$240,13,FALSE),V5),"") -> 110.42156
A7: 2020-11-05 00:00:00.000 | B7: =DATE(LEFT(A7,4),MID(A7,6,2),MID(A7,9,2)) -> 44140 | C7: 0.9942497 | D7: =D6*C7 -> 107.53163 | E7: 1.0321475 | F7: =F6*E7 -> 99.403463 | G7: 0.99067805 | H7: =H6*G7 -> 100.66441 | I7: 1.0058711 | J7: =J6*I7 -> 97.75717 | K7: =IFERROR(VLOOKUP(B7,Nasdaq!A$2:F$274,5,FALSE),K6) -> 11890.93 | L7: =L6*(1+(K7-K6)/K6) -> 108.97523 | M7: =IFERROR(VLOOKUP(B7,dJ!A$2:F$223,5,FALSE),M6) -> 28390.18 | N7: =N6*(1+(M7-M6)/M6) -> 107.12629 | P7: =IFERROR(IF((P6+7) < MAX(B$2:B$300),P6+7,""),"") -> 44162 | Q7: =IF($P7<>"",IFERROR(VLOOKUP($P7,$B$2:$N$240,3,FALSE),Q6),"") -> 127.46105 | R7: =IF($P7<>"",IFERROR(VLOOKUP($P7,$B$2:$N$240,5,FALSE),R6),"") -> 103.03781 | S7: =IF($P7<>"",IFERROR(VLOOKUP($P7,$B$2:$N$240,7,FALSE),S6),"") -> 110.22447 | T7: =IF($P7<>"",IFERROR(VLOOKUP($P7,$B$2:$N$240,9,FALSE),T6),"") -> 99.616082 | U7: =IF($P7<>"",IFERROR(VLOOKUP($P7,$B$2:$N$240,11,FALSE),U6),"") -> 111.86133 | V7: =IF($P7<>"",IFERROR(VLOOKUP($P7,$B$2:$N$240,13,FALSE),V6),"") -> 112.86251
A8: 2020-11-06 00:00:00.000 | B8: =DATE(LEFT(A8,4),MID(A8,6,2),MID(A8,9,2)) -> 44141 | C8: 1.0210838 | D8: =D7*C8 -> 109.7988 | E8: 1.0008441 | F8: =F7*E8 -> 99.487369 | G8: 0.99574736 | H8: =H7*G8 -> 100.23633 | I8: 0.97907514 | J8: =J7*I8 -> 95.711614 | K8: =IFERROR(VLOOKUP(B8,Nasdaq!A$2:F$274,5,FALSE),K7) -> 11895.23 | L8: =L7*(1+(K8-K7)/K7) -> 109.01464 | M8: =IFERROR(VLOOKUP(B8,dJ!A$2:F$223,5,FALSE),M7) -> 28323.4 | N8: =N7*(1+(M8-M7)/M7) -> 106.8743 | P8: =IFERROR(IF((P7+7) < MAX(B$2:B$300),P7+7,""),"") -> 44169 | Q8: =IF($P8<>"",IFERROR(VLOOKUP($P8,$B$2:$N$240,3,FALSE),Q7),"") -> 138.06478 | R8: =IF($P8<>"",IFERROR(VLOOKUP($P8,$B$2:$N$240,5,FALSE),R7),"") -> 105.29437 | S8: =IF($P8<>"",IFERROR(VLOOKUP($P8,$B$2:$N$240,7,FALSE),S7),"") -> 114.78286 | T8: =IF($P8<>"",IFERROR(VLOOKUP($P8,$B$2:$N$240,9,FALSE),T7),"") -> 99.514102 | U8: =IF($P8<>"",IFERROR(VLOOKUP($P8,$B$2:$N$240,11,FALSE),U7),"") -> 114.22928 | V8: =IF($P8<>"",IFERROR(VLOOKUP($P8,$B$2:$N$240,13,FALSE),V7),"") -> 114.02429
A9: 2020-11-09 00:00:00.000 | B9: =DATE(LEFT(A9,4),MID(A9,6,2),MID(A9,9,2)) -> 44144 | C9: 1.0458301 | D9: =D8*C9 -> 114.83089 | E9: 1.0068707 | F9: =F8*E9 -> 100.17092 | G9: 1.028115 | H9: =H8*G9 -> 103.05447 | I9: 1.0111893 | J9: =J8*I9 -> 96.782562 | K9: =IFERROR(VLOOKUP(B9,Nasdaq!A$2:F$274,5,FALSE),K8) -> 11713.78 | L9: =L8*(1+(K9-K8)/K8) -> 107.35173 | M9: =IFERROR(VLOOKUP(B9,dJ!A$2:F$223,5,FALSE),M8) -> 29157.97 | N9: =N8*(1+(M9-M8)/M8) -> 110.02343 | P9: =IFERROR(IF((P8+7) < MAX(B$2:B$300),P8+7,""),"") -> 44176 | Q9: =IF($P9<>"",IFERROR(VLOOKUP($P9,$B$2:$N$240,3,FALSE),Q8),"") -> 157.47699 | R9: =IF($P9<>"",IFERROR(VLOOKUP($P9,$B$2:$N$240,5,FALSE),R8),"") -> 112.52723 | S9: =IF($P9<>"",IFERROR(VLOOKUP($P9,$B$2:$N$240,7,FALSE),S8),"") -> 122.82829 | T9: =IF($P9<>"",IFERROR(VLOOKUP($P9,$B$2:$N$240,9,FALSE),T8),"") -> 99.258665 | U9: =IF($P9<>"",IFERROR(VLOOKUP($P9,$B$2:$N$240,11,FALSE),U8),"") -> 113.43782 | V9: =IF($P9<>"",IFERROR(VLOOKUP($P9,$B$2:$N$240,13,FALSE),V8),"") -> 113.37568
A10: 2020-11-10 00:00:00.000 | B10: =DATE(LEFT(A10,4),MID(A10,6,2),MID(A10,9,2)) -> 44145 | C10: 1.0219106 | D10: =D9*C10 -> 117.34691 | E10: 1.0192717 | F10: =F9*E10 -> 102.10138 | G10: 0.9982451 | H10: =H9*G10 -> 102.87362 | I10: 1.0085213 | J10: =J9*I10 -> 97.607274 | K10: =IFERROR(VLOOKUP(B10,Nasdaq!A$2:F$274,5,FALSE),K9) -> 11553.86 | L10: =L9*(1+(K10-K9)/K9) -> 105.88613 | M10: =IFERROR(VLOOKUP(B10,dJ!A$2:F$223,5,FALSE),M9) -> 29420.92 | N10: =N9*(1+(M10-M9)/M9) -> 111.01564 | P10: =IFERROR(IF((P9+7) < MAX(B$2:B$300),P9+7,""),"") -> 44183 | Q10: =IF($P10<>"",IFERROR(VLOOKUP($P10,$B$2:$N$240,3,FALSE),Q9),"") -> 154.22936 | R10: =IF($P10<>"",IFERROR(VLOOKUP($P10,$B$2:$N$240,5,FALSE),R9),"") -> 116.96544 | S10: =IF($P10<>"",IFERROR(VLOOKUP($P10,$B$2:$N$240,7,FALSE),S9),"") -> 124.22363 | T10: =IF($P10<>"",IFERROR(VLOOKUP($P10,$B$2:$N$240,9,FALSE),T9),"") -> 102.1222 | U10: =IF($P10<>"",IFERROR(VLOOKUP($P10,$B$2:$N$240,11,FALSE),U9),"") -> 116.89992 | V10: =IF($P10<>"",IFERROR(VLOOKUP($P10,$B$2:$N$240,13,FALSE),V9),"") -> 113.87633
A11: 2020-11-11 00:00:00.000 | B11: =DATE(LEFT(A11,4),MID(A11,6,2),MID(A11,9,2)) -> 44146 | C11: 0.95532685 | D11: =D10*C11 -> 112.10465 | E11: 0.98913345 | F11: =F10*E11 -> 100.99189 | G11: 0.98811545 | H11: =H10*G11 -> 101.65101 | I11: 0.99087371 | J11: =J10*I11 -> 96.716482 | K11: =IFERROR(VLOOKUP(B11,Nasdaq!A$2:F$274,5,FALSE),K10) -> 11786.43 | L11: =L10*(1+(K11-K10)/K10) -> 108.01753 | M11: =IFERROR(VLOOKUP(B11,dJ!A$2:F$223,5,FALSE),M10) -> 29397.63 | N11: =N10*(1+(M11-M10)/M10) -> 110.92776 | P11: =IFERROR(IF((P10+7) < MAX(B$2:B$300),P10+7,""),"") -> 44190 | Q11: =IF($P11<>"",IFERROR(VLOOKUP($P11,$B$2:$N$240,3,FALSE),Q10),"") -> 154.22936 | R11: =IF($P11<>"",IFERROR(VLOOKUP($P11,$B$2:$N$240,5,FALSE),R10),"") -> 116.96544 | S11: =IF($P11<>"",IFERROR(VLOOKUP($P11,$B$2:$N$240,7,FALSE),S10),"") -> 124.22363 | T11: =IF($P11<>"",IFERROR(VLOOKUP($P11,$B$2:$N$240,9,FALSE),T10),"") -> 102.1222 | U11: =IF($P11<>"",IFERROR(VLOOKUP($P11,$B$2:$N$240,11,FALSE),U10),"") -> 116.89992 | V11: =IF($P11<>"",IFERROR(VLOOKUP($P11,$B$2:$N$240,13,FALSE),V10),"") -> 113.87633
A12: 2020-11-12 00:00:00.000 | B12: =DATE(LEFT(A12,4),MID(A12,6,2),MID(A12,9,2)) -> 44147 | C12: 1.0293264 | D12: =D11*C12 -> 115.39227 | E12: 1.0047151 | F12: =F11*E12 -> 101.46808 | G12: 1.0101554 | H12: =H11*G12 -> 102.68332 | I12: 0.98840512 | J12: =J11*I12 -> 95.595065 | K12: =IFERROR(VLOOKUP(B12,Nasdaq!A$2:F$274,5,FALSE),K11) -> 11709.59 | L12: =L11*(1+(K12-K11)/K11) -> 107.31332 | M12: =IFERROR(VLOOKUP(B12,dJ!A$2:F$223,5,FALSE),M11) -> 29080.17 | N12: =N11*(1+(M12-M11)/M11) -> 109.72987 | P12: =IFERROR(IF((P11+7) < MAX(B$2:B$300),P11+7,""),"") -> 44197 | Q12: =IF($P12<>"",IFERROR(VLOOKUP($P12,$B$2:$N$240,3,FALSE),Q11),"") -> 154.22936 | R12: =IF($P12<>"",IFERROR(VLOOKUP($P12,$B$2:$N$240,5,FALSE),R11),"") -> 116.96544 | S12: =IF($P12<>"",IFERROR(VLOOKUP($P12,$B$2:$N$240,7,FALSE),S11),"") -> 124.22363 | T12: =IF($P12<>"",IFERROR(VLOOKUP($P12,$B$2:$N$240,9,FALSE),T11),"") -> 102.1222 | U12: =IF($P12<>"",IFERROR(VLOOKUP($P12,$B$2:$N$240,11,FALSE),U11),"") -> 116.89992 | V12: =IF($P12<>"",IFERROR(VLOOKUP($P12,$B$2:$N$240,13,FALSE),V11),"") -> 113.87633
A13: 2020-11-13 00:00:00.000 | B13: =DATE(LEFT(A13,4),MID(A13,6,2),MID(A13,9,2)) -> 44148 | C13: 0.99208994 | D13: =D12*C13 -> 114.47951 | E13: 1.0086482 | F13: =F12*E13 -> 102.34559 | G13: 1.0125677 | H13: =H12*G13 -> 103.97381 | I13: 1.0182715 | J13: =J12*I13 -> 97.341731 | K13: =IFERROR(VLOOKUP(B13,Nasdaq!A$2:F$274,5,FALSE),K12) -> 11829.29 | L13: =L12*(1+(K13-K12)/K12) -> 108.41033 | M13: =IFERROR(VLOOKUP(B13,dJ!A$2:F$223,5,FALSE),M12) -> 29479.81 | N13: =N12*(1+(M13-M12)/M12) -> 111.23785 | P13: =IFERROR(IF((P12+7) < MAX(B$2:B$300),P12+7,""),"") -> 44204 | Q13: =IF($P13<>"",IFERROR(VLOOKUP($P13,$B$2:$N$240,3,FALSE),Q12),"") -> 200.83619 | R13: =IF($P13<>"",IFERROR(VLOOKUP($P13,$B$2:$N$240,5,FALSE),R12),"") -> 138.99779 | S13: =IF($P13<>"",IFERROR(VLOOKUP($P13,$B$2:$N$240,7,FALSE),S12),"") -> 160.81677 | T13: =IF($P13<>"",IFERROR(VLOOKUP($P13,$B$2:$N$240,9,FALSE),T12),"") -> 117.40795 | U13: =IF($P13<>"",IFERROR(VLOOKUP($P13,$B$2:$N$240,11,FALSE),U12),"") -> 120.99044 | V13: =IF($P13<>"",IFERROR(VLOOKUP($P13,$B$2:$N$240,13,FALSE),V12),"") -> 117.34375
A14: 2020-11-16 00:00:00.000 | B14: =DATE(LEFT(A14,4),MID(A14,6,2),MID(A14,9,2)) -> 44151 | C14: 0.97564813 | D14: =D13*C14 -> 111.69172 | E14: 1.0140859 | F14: =F13*E14 -> 103.78722 | G14: 0.97202797 | H14: =H13*G14 -> 101.06545 | I14: 0.99937119 | J14: =J13*I14 -> 97.280521 | K14: =IFERROR(VLOOKUP(B14,Nasdaq!A$2:F$274,5,FALSE),K13) -> 11924.13 | L14: =L13*(1+(K14-K13)/K13) -> 109.27949 | M14: =IFERROR(VLOOKUP(B14,dJ!A$2:F$223,5,FALSE),M13) -> 29950.44 | N14: =N13*(1+(M14-M13)/M13) -> 113.0137 | P14: =IFERROR(IF((P13+7) < MAX(B$2:B$300),P13+7,""),"") -> 44211 | Q14: =IF($P14<>"",IFERROR(VLOOKUP($P14,$B$2:$N$240,3,FALSE),Q13),"") -> 200.83619 | R14: =IF($P14<>"",IFERROR(VLOOKUP($P14,$B$2:$N$240,5,FALSE),R13),"") -> 138.99779 | S14: =IF($P14<>"",IFERROR(VLOOKUP($P14,$B$2:$N$240,7,FALSE),S13),"") -> 160.81677 | T14: =IF($P14<>"",IFERROR(VLOOKUP($P14,$B$2:$N$240,9,FALSE),T13),"") -> 117.40795 | U14: =IF($P14<>"",IFERROR(VLOOKUP($P14,$B$2:$N$240,11,FALSE),U13),"") -> 120.99044 | V14: =IF($P14<>"",IFERROR(VLOOKUP($P14,$B$2:$N$240,13,FALSE),V13),"") -> 117.34375
A15: 2020-11-17 00:00:00.000 | B15: =DATE(LEFT(A15,4),MID(A15,6,2),MID(A15,9,2)) -> 44152 | C15: 0.98369739 | D15: =D14*C15 -> 109.87086 | E15: 0.9925451 | F15: =F14*E15 -> 103.0135 | G15: 0.98646259 | H15: =H14*G15 -> 99.697289 | I15: 1.0216267 | J15: =J14*I15 -> 99.384378 | K15: =IFERROR(VLOOKUP(B15,Nasdaq!A$2:F$274,5,FALSE),K14) -> 11899.34 | L15: =L14*(1+(K15-K14)/K14) -> 109.0523 | M15: =IFERROR(VLOOKUP(B15,dJ!A$2:F$223,5,FALSE),M14) -> 29783.35 | N15: =N14*(1+(M15-M14)/M14) -> 112.38321 | P15: =IFERROR(IF((P14+7) < MAX(B$2:B$300),P14+7,""),"") -> 44218 | Q15: =IF($P15<>"",IFERROR(VLOOKUP($P15,$B$2:$N$240,3,FALSE),Q14),"") -> 191.07788 | R15: =IF($P15<>"",IFERROR(VLOOKUP($P15,$B$2:$N$240,5,FALSE),R14),"") -> 143.34304 | S15: =IF($P15<>"",IFERROR(VLOOKUP($P15,$B$2:$N$240,7,FALSE),S14),"") -> 156.65573 | T15: =IF($P15<>"",IFERROR(VLOOKUP($P15,$B$2:$N$240,9,FALSE),T14),"") -> 126.38312 | U15: =IF($P15<>"",IFERROR(VLOOKUP($P15,$B$2:$N$240,11,FALSE),U14),"") -> 124.11628 | V15: =IF($P15<>"",IFERROR(VLOOKUP($P15,$B$2:$N$240,13,FALSE),V14),"") -> 116.96267
... A224: 2021-09-10 00:00:00.000 | B224: =DATE(LEFT(A224,4),MID(A224,6,2),MID(A224,9,2)) -> 44449 | C224: 1.03136 | D224: =D223*C224 -> 545.13614 | E224: 0.98281002 | F224: =F223*E224 -> 354.74649 | G224: 0.97269986 | H224: =H223*G224 -> 281.33419 | I224: 0.98716272 | J224: =J223*I224 -> 261.83406 | K224: =IFERROR(VLOOKUP(B224,Nasdaq!A$2:F$274,5,FALSE),K223) -> 15115.49 | L224: =L223*(1+(K224-K223)/K223) -> 138.52693 | M224: =IFERROR(VLOOKUP(B224,dJ!A$2:F$223,5,FALSE),M223) -> 34607.72 | N224: =N223*(1+(M224-M223)/M223) -> 130.58729 | P224: =IFERROR(IF((P223+7) < MAX(B$2:B$300),P223+7,""),"") | Q224: =IF($P224<>"",IFERROR(VLOOKUP($P224,$B$2:$N$240,3,FALSE),Q223),"") | R224: =IF($P224<>"",IFERROR(VLOOKUP($P224,$B$2:$N$240,5,FALSE),R223),"") | S224: =IF($P224<>"",IFERROR(VLOOKUP($P224,$B$2:$N$240,7,FALSE),S223),"") | T224: =IF($P224<>"",IFERROR(VLOOKUP($P224,$B$2:$N$240,9,FALSE),T223),"") | U224: =IF($P224<>"",IFERROR(VLOOKUP($P224,$B$2:$N$240,11,FALSE),U223),"") | V224: =IF($P224<>"",IFERROR(VLOOKUP($P224,$B$2:$N$240,13,FALSE),V223),"")
Q225: =IF($P225<>"",IFERROR(VLOOKUP($P225,$B$2:$N$240,3,FALSE),Q224),"") | R225: =IF($P225<>"",IFERROR(VLOOKUP($P225,$B$2:$N$240,5,FALSE),R224),"") | S225: =IF($P225<>"",IFERROR(VLOOKUP($P225,$B$2:$N$240,7,FALSE),S224),"") | T225: =IF($P225<>"",IFERROR(VLOOKUP($P225,$B$2:$N$240,9,FALSE),T224),"") | U225: =IF($P225<>"",IFERROR(VLOOKUP($P225,$B$2:$N$240,11,FALSE),U224),"") | V225: =IF($P225<>"",IFERROR(VLOOKUP($P225,$B$2:$N$240,13,FALSE),V224),"")
Q226: =IF($P226<>"",IFERROR(VLOOKUP($P226,$B$2:$N$240,3,FALSE),Q225),"") | R226: =IF($P226<>"",IFERROR(VLOOKUP($P226,$B$2:$N$240,5,FALSE),R225),"") | S226: =IF($P226<>"",IFERROR(VLOOKUP($P226,$B$2:$N$240,7,FALSE),S225),"") | T226: =IF($P226<>"",IFERROR(VLOOKUP($P226,$B$2:$N$240,9,FALSE),T225),"") | U226: =IF($P226<>"",IFERROR(VLOOKUP($P226,$B$2:$N$240,11,FALSE),U225),"") | V226: =IF($P226<>"",IFERROR(VLOOKUP($P226,$B$2:$N$240,13,FALSE),V225),"")
Q227: =IF($P227<>"",IFERROR(VLOOKUP($P227,$B$2:$N$240,3,FALSE),Q226),"") | R227: =IF($P227<>"",IFERROR(VLOOKUP($P227,$B$2:$N$240,5,FALSE),R226),"") | S227: =IF($P227<>"",IFERROR(VLOOKUP($P227,$B$2:$N$240,7,FALSE),S226),"") | T227: =IF($P227<>"",IFERROR(VLOOKUP($P227,$B$2:$N$240,9,FALSE),T226),"") | U227: =IF($P227<>"",IFERROR(VLOOKUP($P227,$B$2:$N$240,11,FALSE),U226),"") | V227: =IF($P227<>"",IFERROR(VLOOKUP($P227,$B$2:$N$240,13,FALSE),V226),"")
Q228: =IF($P228<>"",IFERROR(VLOOKUP($P228,$B$2:$N$240,3,FALSE),Q227),"") | R228: =IF($P228<>"",IFERROR(VLOOKUP($P228,$B$2:$N$240,5,FALSE),R227),"") | S228: =IF($P228<>"",IFERROR(VLOOKUP($P228,$B$2:$N$240,7,FALSE),S227),"") | T228: =IF($P228<>"",IFERROR(VLOOKUP($P228,$B$2:$N$240,9,FALSE),T227),"") | U228: =IF($P228<>"",IFERROR(VLOOKUP($P228,$B$2:$N$240,11,FALSE),U227),"") | V228: =IF($P228<>"",IFERROR(VLOOKUP($P228,$B$2:$N$240,13,FALSE),V227),"")
Q229: =IF($P229<>"",IFERROR(VLOOKUP($P229,$B$2:$N$240,3,FALSE),Q228),"") | R229: =IF($P229<>"",IFERROR(VLOOKUP($P229,$B$2:$N$240,5,FALSE),R228),"") | S229: =IF($P229<>"",IFERROR(VLOOKUP($P229,$B$2:$N$240,7,FALSE),S228),"") | T229: =IF($P229<>"",IFERROR(VLOOKUP($P229,$B$2:$N$240,9,FALSE),T228),"") | U229: =IF($P229<>"",IFERROR(VLOOKUP($P229,$B$2:$N$240,11,FALSE),U228),"") | V229: =IF($P229<>"",IFERROR(VLOOKUP($P229,$B$2:$N$240,13,FALSE),V228),"")
Q230: =IF($P230<>"",IFERROR(VLOOKUP($P230,$B$2:$N$240,3,FALSE),Q229),"") | R230: =IF($P230<>"",IFERROR(VLOOKUP($P230,$B$2:$N$240,5,FALSE),R229),"") | S230: =IF($P230<>"",IFERROR(VLOOKUP($P230,$B$2:$N$240,7,FALSE),S229),"") | T230: =IF($P230<>"",IFERROR(VLOOKUP($P230,$B$2:$N$240,9,FALSE),T229),"") | U230: =IF($P230<>"",IFERROR(VLOOKUP($P230,$B$2:$N$240,11,FALSE),U229),"") | V230: =IF($P230<>"",IFERROR(VLOOKUP($P230,$B$2:$N$240,13,FALSE),V229),"")
Q231: =IF($P231<>"",IFERROR(VLOOKUP($P231,$B$2:$N$240,3,FALSE),Q230),"") | R231: =IF($P231<>"",IFERROR(VLOOKUP($P231,$B$2:$N$240,5,FALSE),R230),"") | S231: =IF($P231<>"",IFERROR(VLOOKUP($P231,$B$2:$N$240,7,FALSE),S230),"") | T231: =IF($P231<>"",IFERROR(VLOOKUP($P231,$B$2:$N$240,9,FALSE),T230),"") | U231: =IF($P231<>"",IFERROR(VLOOKUP($P231,$B$2:$N$240,11,FALSE),U230),"") | V231: =IF($P231<>"",IFERROR(VLOOKUP($P231,$B$2:$N$240,13,FALSE),V230),"")
Q232: =IF($P232<>"",IFERROR(VLOOKUP($P232,$B$2:$N$240,3,FALSE),Q231),"") | R232: =IF($P232<>"",IFERROR(VLOOKUP($P232,$B$2:$N$240,5,FALSE),R231),"") | S232: =IF($P232<>"",IFERROR(VLOOKUP($P232,$B$2:$N$240,7,FALSE),S231),"") | T232: =IF($P232<>"",IFERROR(VLOOKUP($P232,$B$2:$N$240,9,FALSE),T231),"") | U232: =IF($P232<>"",IFERROR(VLOOKUP($P232,$B$2:$N$240,11,FALSE),U231),"") | V232: =IF($P232<>"",IFERROR(VLOOKUP($P232,$B$2:$N$240,13,FALSE),V231),"")
Q233: =IF($P233<>"",IFERROR(VLOOKUP($P233,$B$2:$N$240,3,FALSE),Q232),"") | R233: =IF($P233<>"",IFERROR(VLOOKUP($P233,$B$2:$N$240,5,FALSE),R232),"") | S233: =IF($P233<>"",IFERROR(VLOOKUP($P233,$B$2:$N$240,7,FALSE),S232),"") | T233: =IF($P233<>"",IFERROR(VLOOKUP($P233,$B$2:$N$240,9,FALSE),T232),"") | U233: =IF($P233<>"",IFERROR(VLOOKUP($P233,$B$2:$N$240,11,FALSE),U232),"") | V233: =IF($P233<>"",IFERROR(VLOOKUP($P233,$B$2:$N$240,13,FALSE),V232),"")
Q234: =IF($P234<>"",IFERROR(VLOOKUP($P234,$B$2:$N$240,3,FALSE),Q233),"") | R234: =IF($P234<>"",IFERROR(VLOOKUP($P234,$B$2:$N$240,5,FALSE),R233),"") | S234: =IF($P234<>"",IFERROR(VLOOKUP($P234,$B$2:$N$240,7,FALSE),S233),"") | T234: =IF($P234<>"",IFERROR(VLOOKUP($P234,$B$2:$N$240,9,FALSE),T233),"") | U234: =IF($P234<>"",IFERROR(VLOOKUP($P234,$B$2:$N$240,11,FALSE),U233),"") | V234: =IF($P234<>"",IFERROR(VLOOKUP($P234,$B$2:$N$240,13,FALSE),V233),"")
Q235: =IF($P235<>"",IFERROR(VLOOKUP($P235,$B$2:$N$240,3,FALSE),Q234),"") | R235: =IF($P235<>"",IFERROR(VLOOKUP($P235,$B$2:$N$240,5,FALSE),R234),"") | S235: =IF($P235<>"",IFERROR(VLOOKUP($P235,$B$2:$N$240,7,FALSE),S234),"") | T235: =IF($P235<>"",IFERROR(VLOOKUP($P235,$B$2:$N$240,9,FALSE),T234),"") | U235: =IF($P235<>"",IFERROR(VLOOKUP($P235,$B$2:$N$240,11,FALSE),U234),"") | V235: =IF($P235<>"",IFERROR(VLOOKUP($P235,$B$2:$N$240,13,FALSE),V234),"")
Q236: =IF($P236<>"",IFERROR(VLOOKUP($P236,$B$2:$N$240,3,FALSE),Q235),"") | R236: =IF($P236<>"",IFERROR(VLOOKUP($P236,$B$2:$N$240,5,FALSE),R235),"") | S236: =IF($P236<>"",IFERROR(VLOOKUP($P236,$B$2:$N$240,7,FALSE),S235),"") | T236: =IF($P236<>"",IFERROR(VLOOKUP($P236,$B$2:$N$240,9,FALSE),T235),"") | U236: =IF($P236<>"",IFERROR(VLOOKUP($P236,$B$2:$N$240,11,FALSE),U235),"") | V236: =IF($P236<>"",IFERROR(VLOOKUP($P236,$B$2:$N$240,13,FALSE),V235),"")
... Q309: =IF($P309<>"",IFERROR(VLOOKUP($P309,$B$2:$N$240,3,FALSE),Q308),"") | R309: =IF($P309<>"",IFERROR(VLOOKUP($P309,$B$2:$N$240,5,FALSE),R308),"") | S309: =IF($P309<>"",IFERROR(VLOOKUP($P309,$B$2:$N$240,7,FALSE),S308),"") | T309: =IF($P309<>"",IFERROR(VLOOKUP($P309,$B$2:$N$240,9,FALSE),T308),"") | U309: =IF($P309<>"",IFERROR(VLOOKUP($P309,$B$2:$N$240,11,FALSE),U308),"") | V309: =IF($P309<>"",IFERROR(VLOOKUP($P309,$B$2:$N$240,13,FALSE),V308),"")

Sheet Grafico_Distrib
B1: All 1 | C1: Rendimento | D1: Fascia
A2: 44134 | B2: 0.97561085 | C2: =B2-1 -> -0.024389145 | D2: =ROUND(C2,2) -> -0.02 | E2: =IF(C2>0,1,0) -> 0 | I2: Fascia | J2: Count of All 1
A3: 44135 | B3: 0.99603096 | C3: =B3-1 -> -0.0039690392 | D3: =ROUND(C3,2) -> 0 | E3: =IF(C3>0,1,0) -> 0 | I3: -0.1 | J3: 1 | M3: <= 10% | N3: 1 | O3: =N3/SUM(N$3:N$23) -> 0.0044843049
A4: 44137 | B4: 1.0770407 | C4: =B4-1 -> 0.077040728 | D4: =ROUND(C4,2) -> 0.08 | E4: =IF(C4>0,1,0) -> 1 | I4: -0.09 | J4: 2 | M4: -0.09 | N4: 2 | O4: =N4/SUM(N$3:N$23) -> 0.0089686099
A5: 44138 | B5: 1.0214405 | C5: =B5-1 -> 0.02144053 | D5: =ROUND(C5,2) -> 0.02 | E5: =IF(C5>0,1,0) -> 1 | I5: -0.06 | J5: 1 | M5: -0.08 | N5: 0 | O5: =N5/SUM(N$3:N$23) -> 0
A6: 44139 | B6: 1.0116868 | C6: =B6-1 -> 0.011686797 | D6: =ROUND(C6,2) -> 0.01 | E6: =IF(C6>0,1,0) -> 1 | I6: -0.05 | J6: 3 | M6: -0.07 | N6: 0 | O6: =N6/SUM(N$3:N$23) -> 0
A7: 44140 | B7: 0.9942497 | C7: =B7-1 -> -0.0057503 | D7: =ROUND(C7,2) -> -0.01 | E7: =IF(C7>0,1,0) -> 0 | I7: -0.04 | J7: 5 | M7: -0.06 | N7: 1 | O7: =N7/SUM(N$3:N$23) -> 0.0044843049
A8: 44141 | B8: 1.0210838 | C8: =B8-1 -> 0.021083752 | D8: =ROUND(C8,2) -> 0.02 | E8: =IF(C8>0,1,0) -> 1 | I8: -0.03 | J8: 14 | M8: -0.05 | N8: 3 | O8: =N8/SUM(N$3:N$23) -> 0.013452915
A9: 44144 | B9: 1.0458301 | C9: =B9-1 -> 0.045830083 | D9: =ROUND(C9,2) -> 0.05 | E9: =IF(C9>0,1,0) -> 1 | I9: -0.02 | J9: 21 | M9: -0.04 | N9: 5 | O9: =N9/SUM(N$3:N$23) -> 0.022421525
A10: 44145 | B10: 1.0219106 | C10: =B10-1 -> 0.021910644 | D10: =ROUND(C10,2) -> 0.02 | E10: =IF(C10>0,1,0) -> 1 | I10: -0.01 | J10: 28 | M10: -0.03 | N10: 14 | O10: =N10/SUM(N$3:N$23) -> 0.062780269
A11: 44146 | B11: 0.95532685 | C11: =B11-1 -> -0.044673149 | D11: =ROUND(C11,2) -> -0.04 | E11: =IF(C11>0,1,0) -> 0 | I11: 0 | J11: 33 | M11: -0.02 | N11: 21 | O11: =N11/SUM(N$3:N$23) -> 0.094170404
A12: 44147 | B12: 1.0293264 | C12: =B12-1 -> 0.02932637 | D12: =ROUND(C12,2) -> 0.03 | E12: =IF(C12>0,1,0) -> 1 | I12: 0.01 | J12: 38 | M12: -0.01 | N12: 28 | O12: =N12/SUM(N$3:N$23) -> 0.12556054
A13: 44148 | B13: 0.99208994 | C13: =B13-1 -> -0.0079100608 | D13: =ROUND(C13,2) -> -0.01 | E13: =IF(C13>0,1,0) -> 0 | I13: 0.02 | J13: 27 | M13: 0 | N13: 33 | O13: =N13/SUM(N$3:N$23) -> 0.14798206
A14: 44151 | B14: 0.97564813 | C14: =B14-1 -> -0.024351868 | D14: =ROUND(C14,2) -> -0.02 | E14: =IF(C14>0,1,0) -> 0 | I14: 0.03 | J14: 14 | M14: 0.01 | N14: 38 | O14: =N14/SUM(N$3:N$23) -> 0.17040359
A15: 44152 | B15: 0.98369739 | C15: =B15-1 -> -0.016302606 | D15: =ROUND(C15,2) -> -0.02 | E15: =IF(C15>0,1,0) -> 0 | I15: 0.04 | J15: 10 | M15: 0.02 | N15: 27 | O15: =N15/SUM(N$3:N$23) -> 0.12107623
... A22: 44162 | B22: 1.012177 | C22: =B22-1 -> 0.012176961 | D22: =ROUND(C22,2) -> 0.01 | E22: =IF(C22>0,1,0) -> 1 | I22: 0.23 | J22: 1 | M22: 0.09 | N22: 4 | O22: =N22/SUM(N$3:N$23) -> 0.01793722
A23: 44165 | B23: 0.98379986 | C23: =B23-1 -> -0.01620014 | D23: =ROUND(C23,2) -> -0.02 | E23: =IF(C23>0,1,0) -> 0 | I23: Grand Total | J23: 223 | M23: >= 10% | N23: 2 | O23: =N23/SUM(N$3:N$23) -> 0.0089686099
A24: 44166 | B24: 1.0587964 | C24: =B24-1 -> 0.058796392 | D24: =ROUND(C24,2) -> 0.06 | E24: =IF(C24>0,1,0) -> 1
A25: 44167 | B25: 1.0014802 | C25: =B25-1 -> 0.0014802374 | D25: =ROUND(C25,2) -> 0 | E25: =IF(C25>0,1,0) -> 1
A26: 44168 | B26: 1.0073171 | C26: =B26-1 -> 0.0073170732 | D26: =ROUND(C26,2) -> 0.01 | E26: =IF(C26>0,1,0) -> 1
A27: 44169 | B27: 1.0308077 | C27: =B27-1 -> 0.030807659 | D27: =ROUND(C27,2) -> 0.03 | E27: =IF(C27>0,1,0) -> 1
A28: 44172 | B28: 1.0387703 | C28: =B28-1 -> 0.038770332 | D28: =ROUND(C28,2) -> 0.04 | E28: =IF(C28>0,1,0) -> 1
A29: 44173 | B29: 1.0168538 | C29: =B29-1 -> 0.0168538 | D29: =ROUND(C29,2) -> 0.02 | E29: =IF(C29>0,1,0) -> 1
A30: 44174 | B30: 1.0431234 | C30: =B30-1 -> 0.043123443 | D30: =ROUND(C30,2) -> 0.04 | E30: =IF(C30>0,1,0) -> 1
A31: 44175 | B31: 1.0331832 | C31: =B31-1 -> 0.033183249 | D31: =ROUND(C31,2) -> 0.03 | E31: =IF(C31>0,1,0) -> 1
A32: 44176 | B32: 1.0019431 | C32: =B32-1 -> 0.0019431348 | D32: =ROUND(C32,2) -> 0 | E32: =IF(C32>0,1,0) -> 1
A33: 44179 | B33: 0.97316518 | C33: =B33-1 -> -0.026834821 | D33: =ROUND(C33,2) -> -0.03 | E33: =IF(C33>0,1,0) -> 0
A34: 44180 | B34: 1.0021673 | C34: =B34-1 -> 0.0021673289 | D34: =ROUND(C34,2) -> 0 | E34: =IF(C34>0,1,0) -> 1
A35: 44181 | B35: 0.98406003 | C35: =B35-1 -> -0.015939971 | D35: =ROUND(C35,2) -> -0.02 | E35: =IF(C35>0,1,0) -> 0
... A224: 44449 | B224: 1.03136 | C224: =B224-1 -> 0.031360006 | D224: =ROUND(C224,2) -> 0.03 | E224: =IF(C224>0,1,0) -> 1

Sheet Grafico rischio rendimento
A1: Strategia | B1: NumStock | C1: return | D1: DevStd
A2: ALL | B2: 1 | C2: 5.4513614 | D2: 0.03496223
A3: ALL | B3: 2 | C3: 4.6721938 | D3: 0.026059881
A4: ALL | B4: 3 | C4: 4.2081352 | D4: 0.02713854
A5: ALL | B5: 4 | C5: 3.4953685 | D5: 0.022969223
A6: ALL | B6: 5 | C6: 3.5474649 | D6: 0.019162063
A7: ALL | B7: 6 | C7: 2.3713509 | D7: 0.019111279
A8: ALL | B8: 7 | C8: 2.2401764 | D8: 0.016849715
A9: ALL | B9: 8 | C9: 2.1267098 | D9: 0.015824073
A10: ALL | B10: 9 | C10: 2.0057118 | D10: 0.014651589
A11: ALL | B11: 10 | C11: 1.9273229 | D11: 0.014512359
A12: ALL | B12: 11 | C12: 1.7387549 | D12: 0.013749955
A13: ALL | B13: 12 | C13: 1.6482042 | D13: 0.012897161
... A101: LONG | B101: 50 | C101: 0.99316504 | D101: 0.011451416
